Code 代码	Abbrev 产品缩写	Description 说明	Support Wallet 支持钱包	LOTT 彩票	LIVE 真人	RNG 电子	FISH 捕鱼	PVP 棋牌	SPORT 体育	ESPORT电竞
2	TCG LOTTO	TCG LOTTO	TRANSFER / SEAMLESS	LOTT/彩票						
3	PT	Playtech	TRANSFER		LIVE/真人	RNG/电子	FISH/捕鱼			
4	AG	PlayAce	TRANSFER / SEAMLESS		LIVE/真人	RNG/电子	FISH/捕鱼			
9	TTG	ToptrendGaming	SEAMLESS			RNG/电子				
12	PNG	Play n Go	TRANSFER			RNG/电子				
13	HB	Habanero	TRANSFER / SEAMLESS			RNG/电子				
16	CQ9	CQ9	TRANSFER / SEAMLESS			RNG/电子	FISH/捕鱼			
17	AE	AmebaEntertainment	TRANSFER / SEAMLESS			RNG/电子				
27	DG	DreamGaming	TRANSFER / SEAMLESS		LIVE/真人					
28	AB	AllBet歐博	TRANSFER		LIVE/真人					
34	HC	GB 电子	TRANSFER			RNG/电子	FISH/捕鱼			
37	WD	Wazdan	SEAMLESS			RNG/电子				
38	KY	开元棋牌	TRANSFER			RNG/电子	FISH/捕鱼	PVP/棋牌		
39	PP	Pragmatic Play	TRANSFER		LIVE/真人	RNG/电子				
41	BG	BigGame大游	TRANSFER / SEAMLESS		LIVE/真人					w1
42	CG	Caleta Gaming 卡莱塔博彩	SEAMLESS			RNG/电子				
43	MG	Micro Gaming	TRANSFER		LIVE/真人	RNG/电子	FISH/捕鱼			
45	TH	天游棋牌	TRANSFER			RNG/电子	FISH/捕鱼	PVP/棋牌		
47	BTI	BTI	TRANSFER / SEAMLESS						SPORTS/体育	
48	NE	NetEnt	TRANSFER			RNG/电子				
49	VT	路虎电子	TRANSFER			RNG/电子				
52	XY	幸运棋牌	TRANSFER				FISH/捕鱼	PVP/棋牌		
54	SBO	SBOBET	TRANSFER		LIVE/真人				SPORTS/体育	
55	JDB	JustDoTheBest	TRANSFER / SEAMLESS			RNG/电子	FISH/捕鱼	PVP/棋牌		
61	IMES	InplayMatrixE-Sports	TRANSFER / SEAMLESS							ESPORT/电竞
62	VG	财神棋牌	TRANSFER				FISH/捕鱼	PVP/棋牌		
63	SW	SkyWind	TRANSFER			RNG/电子				
64	LB	LB-KENO	TRANSFER / SEAMLESS	ELOTT/盘口彩票						
65	CR	CROWN SPORTS皇冠体育	TRANSFER						SPORT/体育	
68	IMSB	InplayMatrixSports	TRANSFER / SEAMLESS						SPORTS/体育	
71	IA	IlustreAnalytics	TRANSFER							ESPORT/电竞
73	VR	VRGaming	TRANSFER	ELOTT/盘口彩票						
76	GPI	GamePlayInt	TRANSFER / SEAMLESS	ELOTT/盘口彩票	LIVE/真人	RNG/电子				
79	BB	BBIN	TRANSFER		LIVE/真人	RNG/电子	FISH/捕鱼		SPORTS/体育	
83	HLG	欢乐棋牌	TRANSFER					PVP/棋牌		
90	BOM	Booming Games	SEAMLESS			RNG/电子				
91	PIN	AP Gaming	TRANSFER / SEAMLESS						SPORTS/体育	
92	SAS	SimplePlay电子	TRANSFER / SEAMLESS			RNG/电子	FISH/捕鱼			
93	SA	SA Gaming	TRANSFER / SEAMLESS		LIVE/真人					
98	PG	Pocket Games Soft	TRANSFER / SEAMLESS			RNG/电子				
99	TF	TF GAMING	TRANSFER / SEAMLESS							ESPORT/电竞
102	V8 (LCC)	V8 POKERS	TRANSFER					PVP/棋牌		
104	CMD	CMD368体育	TRANSFER						SPORTS/体育	
109	NE2	NETENT	TRANSFER			RNG/电子				
112	SEX	SEXY AWC	TRANSFER / SEAMLESS		LIVE/真人					
116	MA	MegaApp	TRANSFER / SEAMLESS			RNG/电子				
117	PRE	Pretty Gaming	TRANSFER / SEAMLESS		LIVE/真人					
118	WM	WM CASINO	TRANSFER /SEAMLESS		LIVE/真人					
119	AMB	Ambpoker	SEAMLESS			RNG/电子		PVP/棋牌		
121	KM	King Midas	TRANSFER / SEAMLESS			RNG/电子		PVP/棋牌		
122	U9W	9wickets	TRANSFER						SPORTS/体育	
123	KP	KingsPoker	TRANSFER					PVP/棋牌		
124	CRG	Creative Gaming	TRANSFER / SEAMLESS			RNG/电子	FISH/捕鱼			
125	YL	YOU LIAN GAMING	TRANSFER / SEAMLESS			RNG/电子	FISH/捕鱼			
129	OB	DB LIVE CASINO	TRANSFER / SEAMLESS		LIVE/真人					
130	BOS	Bos Blockchain	TRANSFER / SEAMLESS		LIVE/真人					
131	OBSB	PANDA SPORTS	TRANSFER / SEAMLESS						SPORTS/体育	
132	SV3	SV388	TRANSFER						SPORTS/体育	
134	365	365 Chess and Card	TRANSFER					PVP/棋牌		
135	DIG	DIGMAAN	TRANSFER						SPORTS/体育	
136	JK	JOKER	TRANSFER			RNG/电子	FISH/捕鱼			
138	RSG	RSG 皇家电子	TRANSFER			RNG/电子	FISH/捕鱼			
139	RCG	RoyalGclub 皇家真人	TRANSFER		LIVE/真人					
140	JL	JILI 吉利	TRANSFER			RNG/电子	FISH/捕鱼	PVP/棋牌		
141	FC	FACAI GAMING 发财电子	TRANSFER			RNG/电子	FISH/捕鱼			
142	FB	FB Sports	TRANSFER						SPORTS/体育	
143	LY	LEGaming 乐游棋牌	TRANSFER			RNG/电子	FISH/捕鱼	PVP/棋牌		
144	SG	Spadegaming	TRANSFER			RNG/电子	FISH/捕鱼			
145	AMBS	AMBSlot	TRANSFER			RNG/电子	FISH/捕鱼			
146	MP	MPoker	TRANSFER			RNG/电子		PVP/棋牌		
147	FTG	FunTa Gaming 方达电子	TRANSFER			RNG/电子	FISH/捕鱼			
148	RCB	RCB988	TRANSFER						SPORTS/体育	
151	UG2	United Gaming 联合娱乐	TRANSFER						SPORTS/体育	
152	WL	Waliyouxi 瓦利棋牌	TRANSFER		LIVE/真人		FISH/捕鱼	PVP/棋牌		
153	OBC	DB SLOTS(CNY)	TRANSFER			RNG/电子				
155	CF	CF Gaming	TRANSFER				FISH/捕鱼	PVP/棋牌		
157	KA	KA	TRANSFER			RNG/电子	FISH/捕鱼			
159	BP	BIGPOT	TRANSFER			RNG/电子				
161	BNG	Booongo	TRANSFER			RNG/电子				
162	R88	RiCH88	TRANSFER			RNG/电子		PVP/棋牌		
167	POLY	Poly Sports	TRANSFER						SPORTS/体育	
168	MW	Mega Win	TRANSFER			RNG/电子				
169	BOTA	Pink Dolphine	TRANSFER		LIVE/真人					
171	TA	TaDa Gaming	TRANSFER			RNG/电子	FISH/捕魚	PVP/棋牌		
172	EG4	Evolution	TRANSFER		LIVE/真人					
173	PS	PLAYSTAR	TRANSFER			RNG/电子				
174	SB	Saba Sports	TRANSFER						SPORTS/体育	
177	EZ	Ezugi	TRANSFER		LIVE/真人					
178	YB	YELLOW BAT	TRANSFER			RNG/电子				
182	DRS	Dragoon Soft 龙骑电子	TRANSFER			RNG/电子	FISH/捕鱼			
183	FP	First Person	TRANSFER			RNG/电子				
184	BTG	Big Time Gaming	TRANSFER			RNG/电子				
185	NLC	No Limit City	TRANSFER			RNG/电子				
186	RT	Red Tiger	TRANSFER			RNG/电子				
189	MNC	MNC Solutions	TRANSFER			RNG/电子				
190	MAS	Mascot	SEAMLESS			RNG/电子				
191	EG5	Evolution	TRANSFER		LIVE/真人					
192	PGA	PGA	TRANSFER			RNG/电子				
193	SPB	Spribe	SEAMLESS			RNG/电子				
194	PGE	Pocket Games Soft	TRANSFER			RNG/电子				
195	BT	BTGaming	TRANSFER			RNG/电子	FISH/捕鱼			
196	L365	Lucky365	TRANSFER			RNG/电子	FISH/捕鱼			
200	GM	Gemini Transfer	TRANSFER			RNG/电子				
201	WF	Winfast	TRANSFER			RNG/电子				
202	WS168	WS168 Cockfight	TRANSFER						SPORTS/体育	
203	AUX	AVATAR UX	TRANSFER			RNG/电子				
204	RLX	Relax Gaming	TRANSFER			RNG/电子				
205	HS	Hacksaw Gaming	TRANSFER			RNG/电子				
206	EKOR	EKOR	TRANSFER	LOTT/彩票						
209	LUC	LuckySports 乐奇体育	TRANSFER						SPORTS/体育	
211	ES	ES Games	SEAMLESS			RNG/电子				
212	SWG	SWGaming 乐奇体育	TRANSFER			RNG/电子	FISH/捕鱼	PVP/棋牌		
213	NG	Naga Games	TRANSFER			RNG/电子				
214	VIA	ViA CASINO	TRANSFER		LIVE/真人					
215	YGD	Yggdrasil	TRANSFER			RNG/电子				
216	FS	Fastspin FS电子	TRANSFER			RNG/电子	FISH/捕鱼			
217	VP	Victory Poker胜利棋牌	TRANSFER			RNG/电子	FISH/捕鱼	PVP/棋牌		
218	WOW	Wow Gaming	TRANSFER			RNG/电子		PVP/棋牌		
221	BOLE	Bole Gaming博乐	TRANSFER				FISH/捕鱼	PVP/棋牌		
220	WMT	WorldMatch WM世界对决	TRANSFER			RNG/电子	FISH/捕鱼			
224	3S2	3 SING SPORT	TRANSFER						SPORTS/体育	
227	NS	Nextspin虎游	TRANSFER			RNG/电子	FISH/捕鱼			
228	L22	Live22	TRANSFER			RNG/电子				
229	GFG	Good Fortune Gaming大运电子	TRANSFER			RNG/电子	FISH/捕鱼	PVP棋牌		
230	VL	Vegas Lounge 拉斯維加斯真人視訊	TRANSFER		LIVE/真人					
231	OG2	Oriental Game 东方游戏	TRANSFER		LIVE/真人					
232	OKE	OKE GAMES	TRANSFER		LIVE/真人					
233	OCT	Octoplay	TRANSFER			RNG/电子				
234	S38	Sports38	SEAMLESS						SPORTS/体育	
238	KS	KS Gaming开心游戏	TRANSFER				FISH/捕鱼	PVP/棋牌		
241	VA	Victory Ark	TRANSFER			RNG/电子	FISH/捕鱼			
242	EZG	Eazy Gaming	TRANSFER			RNG/电子				
243	TP	TOP Player	TRANSFER			RNG/电子	FISH/捕鱼			
244	7X	7X Games	TRANSFER					PVP/棋牌		
247	RG	RG Slot	TRANSFER			RNG/电子		PVP/棋牌		
248	GB9	Game Bài9	TRANSFER					PVP/棋牌		
249	5G	5G	TRANSFER			RNG/电子				
251	EGT	Euro Games Technology Digital	SEAMLESS			RNG/电子				
252	MAHA	MAHA	TRANSFER			RNG/电子				
253	TGC	TG GENTING CASINO	TRANSFER		LIVE/真人					
254	BSP	Baison Poker	TRANSFER			RNG/电子	FISH/捕鱼	PVP/棋牌		
257	AW	AceWin	TRANSFER			RNG/电子	FISH/捕鱼			
258	WJ	W Casino	TRANSFER		LIVE/真人					
259	EP	Evoplay	TRANSFER		LIVE/真人	RNG/电子				
260	TPG	Triple Profits Games	TRANSFER			RNG/电子	FISH/捕鱼			
261	AIL	AI LIVE CASINO	TRANSFER		LIVE/真人			PVP/棋牌		
266	QQ	QQ PK	TRANSFER					PVP/棋牌		
269	2J	2J Games	TRANSFER			RNG/电子	FISH/捕鱼			
270	BBR	Barbara	SEAMLESS			RNG/电子				
271	TB	Turbo Games	TRANSFER			RNG/电子				
272	MT	MT 真人	TRANSFER		LIVE/真人					
273	RP	Rich Paradise	TRANSFER			RNG/电子				
275	168	168games	TRANSFER			RNG/电子				
276	AVT	Aviator	SEAMLESS			RNG/电子				
278	ID	iDealGaming	TRANSFER			RNG/电子				
282	WS	WinSlot	TRANSFER			RNG/电子				
285	1BET	1BET	TRANSFER						SPORTS/体育	
293	VPL	VPLUS	TRANSFER			RNG/电子	FISH/捕鱼			
384	TCG_SEA	TCG_SEA 东南亚彩	TRANSFER / SEAMLESS	ELOTT/盘口彩票						
420	TCG_LOTTO_VN	TCG_LOTTO_VN 越南彩	TRANSFER / SEAMLESS	LOTT/彩票						
460	TCG_LIVE	TCG 直播(暂停接入)	TRANSFER / SEAMLESS	LOTT/彩票						
